embedding	model	subclass	n_donors	auc_mean_repeats	auc_sd_repeats	perm_p	auroc	brier	ece	ece_15bin	log_loss	spearman_adnc	incr_null_mean	incr_perm_p	perm_q_within_embedding
none	covariates	all	84	0.6227513227513227	0.026118581920313477	0.04095904095904096	0.6077097505668935	0.18097088439438652	0.08738205956697871	0.13926803098481738	0.5127866283832674	0.22171351752363416			
pca	per_subclass	Astrocyte	84	0.5771730914588058	0.023852556823360297	0.1258741258741259	0.581254724111867	0.19960619252003944	0.0882680126780034	0.09134692142107967	0.6051957603162572	0.22148362645228686			0.1777046482928836
pca	per_subclass	Chandelier	81	0.6212698412698413	0.022640062640857696	0.03796203796203796	0.6380952380952382	0.19431268024269477	0.07946249460975907	0.10286497936864002	0.5927874634562823	0.27112202817581305			0.08282626464444647
pca	per_subclass	Endothelial	73	0.6645283018867925	0.06372109037430673	0.01898101898101898	0.6735849056603773	0.17730177887128643	0.12097100805327708	0.13855742370149382	0.5441799587126304	0.2784354524844259			0.08282626464444647
pca	per_subclass	Immune	84	0.6302343159486017	0.025198085001982905	0.03296703296703297	0.6394557823129252	0.19529426926252066	0.09420082487913295	0.12272916669602993	0.5880775975442193	0.2865427996435651			0.08282626464444647
pca	per_subclass	L2/3 IT	84	0.5336356764928194	0.025911708373171034	0.26173826173826176	0.5215419501133787	0.22338512830002805	0.16813338376147313	0.18010368169318922	0.6563860494513956	0.21823230987180403			0.28553264916901283
pca	per_subclass	L4 IT	84	0.5868480725623584	0.046354738129745325	0.08491508491508491	0.581254724111867	0.20354738913876572	0.09814652994028715	0.16501400064581626	0.6103433844417838	0.2771172657183269			0.15676631061246443
pca	per_subclass	L5 ET	70	0.592	0.019565275362232976	0.0959040959040959	0.606	0.20378829639346957	0.08003663154266788	0.10309735384224411	0.6465728796820767	0.2716442679601554			0.16333666333666336
pca	per_subclass	L5 IT	84	0.6329554043839758	0.03237190340577278	0.027972027972027972	0.6349206349206349	0.20219288754030404	0.1355825141375687	0.1597450069111278	0.6125716032085883	0.30299643203570564			0.08282626464444647
pca	per_subclass	L5/6 NP	82	0.5636221701795472	0.034535716755528974	0.16983016983016982	0.5581576893052302	0.20422501442906177	0.12056707021613816	0.1364274356223694	0.6162878532775855	0.3045266447670372			0.218308007781692
pca	per_subclass	L6 CT	81	0.5396825396825397	0.03657344020040663	0.21878121878121878	0.5277777777777778	0.21501500578634936	0.12313246750149799	0.13856762112762624	0.6572903778168522	0.21919033230911705			0.2500356786071072
pca	per_subclass	L6 IT	82	0.6104605776736924	0.032701274796031	0.07192807192807193	0.6252927400468384	0.19761553053804976	0.08535874123381433	0.13545766216793675	0.6331600471343297	0.35976091192486004			0.14385614385614387
pca	per_subclass	L6 IT Car3	83	0.5594470046082949	0.032547889740458434	0.17282717282717283	0.5745007680491552	0.20966090508425406	0.1139850441588876	0.12680683858935762	0.6568648599288512	0.2124184713070084			0.218308007781692
pca	per_subclass	L6b	82	0.6805620608899298	0.026922013299903392	0.008991008991008992	0.6986729117876659	0.17867210059289615	0.051264224838488845	0.10394850933969894	0.5576979984408982	0.403863962748374			0.08282626464444647
pca	per_subclass	Lamp5	83	0.6268817204301075	0.024372222001147723	0.03796203796203796	0.6390168970814132	0.20824457471543736	0.12282451476410128	0.16913128943874606	0.6146300500966284	0.3535023813542006			0.08282626464444647
pca	per_subclass	Lamp5 Lhx6	82	0.5010148321623731	0.023751994074300186	0.3756243756243756	0.5027322404371585	0.22090615890358362	0.12880135341780566	0.1595181000169672	0.6566803210689133	0.07241149152213505			0.37762237762237766
pca	per_subclass	OPC	84	0.6560846560846562	0.043891855301460225	0.012987012987012988	0.6757369614512472	0.18663867319522845	0.09404347715528343	0.11441251975426364	0.5516002966828703	0.18755827263775363			0.08282626464444647
pca	per_subclass	Oligodendrocyte	84	0.5839758125472412	0.03785814473100268	0.1088911088911089	0.5948601662887378	0.2049696551956305	0.130715411998565	0.1556656630362764	0.6080388020246984	0.21557214176049985			0.16333666333666336
pca	per_subclass	Pax6	82	0.6640124902419984	0.02680495854114726	0.017982017982017984	0.6822794691647152	0.18074131986004338	0.0757150695670922	0.1128580745281689	0.547961754785882	0.39136184924447137			0.08282626464444647
pca	per_subclass	Pvalb	83	0.6262672811059907	0.01860899259097736	0.03596403596403597	0.6420890937019968	0.19470866325001973	0.0982394058437262	0.17295747838640768	0.6114781371156524	0.23458880002871			0.08282626464444647
pca	per_subclass	Sncg	83	0.5448540706605222	0.020857024973878566	0.19880119880119881	0.543010752688172	0.21859932528802226	0.11903971188050028	0.14479242956709387	0.6486743066466004	0.19393942305684647			0.23856143856143858
pca	per_subclass	Sst	83	0.6282642089093702	0.03051388828469165	0.03596403596403597	0.6474654377880185	0.1977271131947938	0.09795985970853688	0.16905085859919344	0.5922642824149537	0.3232927608079799			0.08282626464444647
pca	per_subclass	Sst Chodl	62	0.49646464646464644	0.038615726977000546	0.3776223776223776	0.4936868686868687	0.23505843652659475	0.13175730379291872	0.1543888963524766	0.7021312110304151	0.01776021097584135			0.37762237762237766
pca	per_subclass	VLMC & Perivascular	84	0.6784580498866213	0.019812129917346464	0.012987012987012988	0.6764928193499622	0.18830175485985232	0.14215924047334436	0.1421592404733444	0.5514466378327254	0.27366889964811786			0.08282626464444647
pca	per_subclass	Vip	84	0.5880574452003023	0.037260037925521496	0.1028971028971029	0.5971277399848828	0.20501994630867318	0.14586762828134642	0.1462393140553966	0.6191794644261985	0.298267244282276			0.16333666333666336
pca	combined	9 subclasses	84	0.6297808012093726	0.026281256310930617	0.03696303696303696	0.6402116402116402	0.2014129089780021	0.1244848801839824	0.17668095182107052	0.6004344070101523	0.25219050526795833			
pca	combined+cov	9 subclasses	84	0.6872260015117158	0.02437287206081344	0.01098901098901099	0.6969009826152683	0.18153995413472038	0.08217790981143368	0.12378846258921473	0.5495526100616209	0.3560684279353046	0.5442406651549508	0.03592814371257485	
pca256	per_subclass	Astrocyte	84	0.5874527588813304	0.029072146046852584	0.0939060939060939	0.5880574452003023	0.19695011030885404	0.08834667181549972	0.11163633024550546	0.581494208557329	0.2920930269375207			0.11861822388138178
pca256	per_subclass	Chandelier	81	0.5977777777777777	0.03154060519016965	0.06593406593406594	0.603968253968254	0.19880632408008905	0.08389737161613978	0.10541711798408342	0.5900969974664148	0.29423108695321454			0.09324009324009325
pca256	per_subclass	Endothelial	73	0.49132075471698106	0.022312068677878452	0.3966033966033966	0.4962264150943396	0.22353390221632718	0.1114699112102254	0.11719447466451108	0.6544813497292085	0.09012098058074812			0.3966033966033966
pca256	per_subclass	Immune	84	0.6450491307634165	0.042289151769991505	0.023976023976023976	0.6598639455782312	0.18910383817944906	0.09118612265912075	0.16854873146159927	0.558156692547066	0.3659537440032373			0.04795204795204796
pca256	per_subclass	L2/3 IT	84	0.6757369614512472	0.024650703621192937	0.007992007992007992	0.6810279667422525	0.18094764602569713	0.06703194683915147	0.11653753995166927	0.5368507367069011	0.3579075565060828			0.01918081918081918
pca256	per_subclass	L4 IT	84	0.6996220710506424	0.03760679805381316	0.003996003996003996	0.7218442932728647	0.16759968980796883	0.06656662274627229	0.16161816228474704	0.5150343910773988	0.4132784631191545			0.015984015984015984
pca256	per_subclass	L5 ET	70	0.6938	0.024652788888886404	0.006993006993006993	0.702	0.17967892728516918	0.1404253296204117	0.16512105724222803	0.5497390766009888	0.3777016197586161			0.01918081918081918
pca256	per_subclass	L5 IT	84	0.6758881330309903	0.010821182263445734	0.007992007992007992	0.6802721088435374	0.17848864881296503	0.07323957608585027	0.125761291255507	0.5362482006546463	0.36766150624753136			0.01918081918081918
pca256	per_subclass	L5/6 NP	82	0.580015612802498	0.01784919604937117	0.1088911088911089	0.5784543325526932	0.20097142428282225	0.12674876421788966	0.13929060840320748	0.5843767667365545	0.31044376502895926			0.13066933066933067
pca256	per_subclass	L6 CT	81	0.6333333333333334	0.028460985836573215	0.029970029970029972	0.6428571428571428	0.18510615241040704	0.03873014997156944	0.11415720565612411	0.5599697693182132	0.2871346043365322			0.055329286098516874
pca256	per_subclass	L6 IT	82	0.687743950039032	0.019368686771087024	0.002997002997002997	0.6932084309133489	0.17644154178760357	0.07968365638556957	0.13915932301388328	0.5405665619973257	0.3828669736209199			0.014385614385614387
pca256	per_subclass	L6 IT Car3	83	0.5466973886328725	0.06919163825513483	0.2057942057942058	0.5529953917050692	0.20119758176806743	0.08509866068641023	0.17981909709270918	0.611668039366879	0.20538692169711223			0.2245027699573154
pca256	per_subclass	L6b	82	0.7598750975800156	0.030018023655348784	0.000999000999000999	0.7673692427790789	0.14997388279736368	0.10288769280685132	0.13315808348319863	0.479725292613102	0.5172266133109398			0.014385614385614387
pca256	per_subclass	Lamp5	83	0.6119815668202765	0.0341808625266974	0.04795204795204795	0.6182795698924731	0.20409806595086308	0.09382326744438126	0.10525427720404552	0.6056921725763618	0.35093207255960085			0.08220351077493936
pca256	per_subclass	Lamp5 Lhx6	82	0.5102263856362217	0.01575733259271212	0.29270729270729273	0.5191256830601093	0.21062427482209198	0.11056046865521943	0.11880864924064913	0.6233862514089012	0.20304510300761786			0.3054336967380446
pca256	per_subclass	OPC	84	0.5987906273620559	0.06301226044285191	0.06793206793206794	0.6084656084656085	0.19218227323220494	0.09497424546144924	0.14480869797038004	0.5857294735514089	0.24092584277194196			0.09324009324009325
pca256	per_subclass	Oligodendrocyte	84	0.6205593348450492	0.004968005056736219	0.052947052947052944	0.6235827664399093	0.19277992299071348	0.09077425399168156	0.15823637070958618	0.5808129520614764	0.2359667639471651			0.08471528471528472
pca256	per_subclass	Pax6	82	0.6832162373145979	0.029017980091775655	0.008991008991008992	0.6877439500390321	0.1795542414934887	0.07450628506628942	0.1314774874129931	0.538794471169433	0.4365897387712418			0.019616746889474165
pca256	per_subclass	Pvalb	83	0.5921658986175116	0.02985331090066132	0.06993006993006994	0.5906298003072197	0.1995827634623455	0.12207707298331255	0.1320400557977578	0.594666959608369	0.2220203297115043			0.09324009324009325
pca256	per_subclass	Sncg	83	0.6961597542242703	0.026354720124447506	0.001998001998001998	0.7027649769585254	0.1767298695783921	0.04369514085405312	0.141503682178297	0.5462084585878223	0.4014777045379849			0.014385614385614387
pca256	per_subclass	Sst	83	0.7167434715821812	0.01693474367136562	0.001998001998001998	0.7380952380952381	0.16387471594965108	0.035691120251402475	0.06990777292991826	0.4978577215338134	0.4456032260029855			0.014385614385614387
pca256	per_subclass	Sst Chodl	62	0.5401515151515153	0.040666759497503036	0.2057942057942058	0.5467171717171717	0.21874604000564946	0.12467437919942465	0.15559192591700344	0.6449618393373209	0.11433965421965427			0.2245027699573154
pca256	per_subclass	VLMC & Perivascular	84	0.7114134542705971	0.01914216657365868	0.002997002997002997	0.7256235827664399	0.1670072886412966	0.03144052114876947	0.0666864955410511	0.522526706490728	0.4401428768851644			0.014385614385614387
pca256	per_subclass	Vip	84	0.6767951625094482	0.0444675769315384	0.007992007992007992	0.690098261526833	0.18899397038026644	0.11380620178057921	0.1476222651812605	0.5480495276550597	0.4475322327498982			0.01918081918081918
pca256	combined	9 subclasses	84	0.6780045351473923	0.0337657890916593	0.008991008991008992	0.691609977324263	0.17938147373160895	0.0823058644199483	0.08742419224996793	0.5305714503174007	0.3933107814935628			
pca256	combined+cov	9 subclasses	84	0.7260770975056688	0.03527711170435941	0.001998001998001998	0.7566137566137566	0.1661242217655511	0.045907633863535344	0.12667340892109752	0.4944994057247884	0.4917370016118166	0.5517321239606954	0.011976047904191617	
gf_v2_104m_cls	per_subclass	Astrocyte	84	0.4917611489040061	0.042364739518277905	0.3996003996003996	0.4860166288737717	0.21170071990455563	0.10164935556660315	0.15977380130453	0.6527037756563432	0.02193817652285404			0.3996003996003996
gf_v2_104m_cls	per_subclass	Chandelier	81	0.611904761904762	0.013700536906057149	0.059940059940059943	0.6087301587301588	0.20074530590938033	0.14080120254317907	0.14080120254317913	0.5891786363680067	0.21147518197713422			0.07571375992428625
gf_v2_104m_cls	per_subclass	Endothelial	73	0.5939622641509433	0.04071976138933196	0.0939060939060939	0.5896226415094339	0.20360295800558614	0.12919820981718858	0.17453213403277154	0.6027404687550154	0.12471036574857931			0.1011162750293185
gf_v2_104m_cls	per_subclass	Immune	84	0.6922146636432351	0.026115519363062074	0.006993006993006993	0.7059712773998488	0.1810124762704277	0.1324689556420182	0.15464894828682546	0.5457705676049187	0.3585643881385036			0.02097902097902098
gf_v2_104m_cls	per_subclass	L2/3 IT	84	0.7591836734693878	0.016837826877358304	0.001998001998001998	0.7747543461829175	0.1552231461717789	0.08762277842505722	0.09268913556694844	0.4875378834598202	0.38684098991421817			0.015984015984015984
gf_v2_104m_cls	per_subclass	L4 IT	84	0.7191232048374905	0.034278301544489936	0.001998001998001998	0.7316704459561602	0.17189899705244074	0.0686639646848293	0.079907869331634	0.5113720472908722	0.3490074878867812			0.015984015984015984
gf_v2_104m_cls	per_subclass	L5 ET	70	0.6536	0.0315252279928314	0.02197802197802198	0.6699999999999999	0.2017397774435322	0.1136140288915333	0.1459035135863604	0.599607088472025	0.2920756317041671			0.035164835164835165
gf_v2_104m_cls	per_subclass	L5 IT	84	0.673167044595616	0.032848439862230835	0.015984015984015984	0.6863189720332579	0.17384978655169725	0.11342981572794067	0.12904599491066693	0.5471405865529982	0.36043635829090276			0.027401170258313116
gf_v2_104m_cls	per_subclass	L5/6 NP	82	0.7139734582357533	0.012593252040640627	0.005994005994005994	0.7228727556596409	0.17202499790177825	0.10852276234257988	0.12174094957241062	0.5196271684096586	0.30730359031570165			0.02055087769373484
gf_v2_104m_cls	per_subclass	L6 CT	81	0.6279365079365079	0.008390206531049207	0.029970029970029972	0.6341269841269842	0.19753126487347097	0.08429253422988034	0.12599090380981634	0.5951768754939233	0.2729780313217146			0.04231063054592467
gf_v2_104m_cls	per_subclass	L6 IT	82	0.6120218579234973	0.03542764725309809	0.07492507492507493	0.60967993754879	0.19526818561011694	0.11860923943289059	0.14440330404236768	0.5784182494033501	0.27150794199852973			0.0899100899100899
gf_v2_104m_cls	per_subclass	L6 IT Car3	83	0.584331797235023	0.01242626630793039	0.0969030969030969	0.5783410138248848	0.194226771773715	0.09505301782067879	0.1180677828849227	0.6186704149057118	0.3020622366235108			0.1011162750293185
gf_v2_104m_cls	per_subclass	L6b	82	0.6690085870413739	0.01309056912802782	0.012987012987012988	0.6744730679156908	0.1810519752654343	0.06599621378236672	0.11789524543641217	0.5605068696799259	0.3580736538699753			0.025820333512641205
gf_v2_104m_cls	per_subclass	Lamp5	83	0.6923195084485407	0.02193234260468278	0.004995004995004995	0.6935483870967742	0.18329009729511442	0.07863044217982598	0.11719162660075566	0.5494180843518968	0.3779033304835504			0.01998001998001998
gf_v2_104m_cls	per_subclass	Lamp5 Lhx6	82	0.6415300546448088	0.023930917420151316	0.026973026973026972	0.648711943793911	0.18079039724813156	0.05907171761143047	0.11331503198991497	0.5512341118140203	0.2268307547535619			0.040459540459540456
gf_v2_104m_cls	per_subclass	OPC	84	0.6592592592592593	0.02566980671168469	0.011988011988011988	0.6704459561602419	0.17981751872511093	0.07279265483159797	0.14218671592182403	0.5475251951684037	0.25445657439981006			0.025820333512641205
gf_v2_104m_cls	per_subclass	Oligodendrocyte	84	0.6873771730914588	0.019603404477638475	0.008991008991008992	0.7029478458049887	0.17799149878929066	0.05414824131041914	0.10723561781245342	0.532651120275963	0.3047041942799997			0.02397602397602398
gf_v2_104m_cls	per_subclass	Pax6	82	0.7063231850117095	0.018169975364216922	0.001998001998001998	0.7111631537861046	0.16611996867474316	0.05309967573897925	0.13913615448812064	0.5179138058545073	0.41793616360890545			0.015984015984015984
gf_v2_104m_cls	per_subclass	Pvalb	83	0.6497695852534562	0.03320602587217156	0.013986013986013986	0.6597542242703534	0.19439264211399607	0.10391045413954489	0.1553734022685091	0.5582620913812304	0.18532266097450995			0.025820333512641205
gf_v2_104m_cls	per_subclass	Sncg	83	0.6147465437788018	0.03460008165972618	0.04395604395604396	0.6221198156682027	0.19453988692311336	0.12624487067092255	0.14037187501295956	0.5792839133402076	0.2956647720025908			0.05860805860805861
gf_v2_104m_cls	per_subclass	Sst	83	0.7196620583717357	0.016479979732185988	0.004995004995004995	0.7250384024577572	0.1704116048033417	0.07768574523583952	0.1218053204513057	0.527096729921358	0.38766371013529033			0.01998001998001998
gf_v2_104m_cls	per_subclass	Sst Chodl	62	0.6914141414141415	0.02438667102122805	0.011988011988011988	0.7058080808080808	0.19744558050575606	0.08136609769016041	0.1610300262727589	0.5923241665636456	0.37721201458255565			0.025820333512641205
gf_v2_104m_cls	per_subclass	VLMC & Perivascular	84	0.6929705215419502	0.023470087613091866	0.004995004995004995	0.708994708994709	0.18796958813000436	0.08677299040623912	0.1281635373489574	0.5531554793295523	0.41403381949643847			0.01998001998001998
gf_v2_104m_cls	per_subclass	Vip	84	0.6039304610733182	0.012951443682904839	0.07892107892107893	0.6145124716553287	0.20394979912109426	0.11830279382091875	0.1680017520016468	0.600182419156994	0.20933224125250247			0.09019551876694736
gf_v2_104m_cls	combined	9 subclasses	84	0.7401360544217688	0.040530902030268344	0.001998001998001998	0.7566137566137566	0.16479199950396944	0.06605248982857063	0.14117193857137816	0.49222608746974406	0.38207896057916746			
gf_v2_104m_cls	combined+cov	9 subclasses	84	0.7691609977324264	0.03803580289571296	0.000999000999000999	0.782312925170068	0.15517972852870854	0.051120542295352706	0.11512705626535821	0.4658466455185058	0.428845372807527	0.5491797430083144	0.001996007984031936	
gf_v2_104m_cls_pca50	per_subclass	Astrocyte	84	0.5286470143613	0.025438183939048405	0.2627372627372627	0.526832955404384	0.21380695663635763	0.11646469610608899	0.1714878255754812	0.6590500794519653	0.04696346171808574			0.2627372627372627
gf_v2_104m_cls_pca50	per_subclass	Chandelier	81	0.59984126984127	0.013977269817619885	0.06493506493506493	0.6126984126984127	0.2067213033615073	0.15223167220068887	0.18796238143075758	0.5944476597085805	0.2260684616145169			0.07792207792207792
gf_v2_104m_cls_pca50	per_subclass	Endothelial	73	0.5979245283018868	0.038628130054019896	0.08491508491508491	0.600943396226415	0.2095364711321249	0.10182009625823127	0.1564082817043461	0.6066414924883395	0.15271602289307393			0.08860704512878426
gf_v2_104m_cls_pca50	per_subclass	Immune	84	0.7176114890400604	0.030107823072110716	0.004995004995004995	0.7301587301587302	0.17449336484981626	0.11379897212379621	0.14745805305401963	0.5317871855339206	0.3871365641488075			0.014985014985014984
gf_v2_104m_cls_pca50	per_subclass	L2/3 IT	84	0.745880574452003	0.022652545459725167	0.001998001998001998	0.7498110355253211	0.16139737891687894	0.07769019169100486	0.1177440518850402	0.4993149449853408	0.3539994082931792			0.013700585129156558
gf_v2_104m_cls_pca50	per_subclass	L4 IT	84	0.7386243386243386	0.02006884568438527	0.000999000999000999	0.7513227513227513	0.16537488894075802	0.06443827392869687	0.11912070052593215	0.49034180882225925	0.38322841593590384			0.011988011988011988
gf_v2_104m_cls_pca50	per_subclass	L5 ET	70	0.7555999999999999	0.030176812290233734	0.000999000999000999	0.76	0.16981212830818385	0.04881306675302999	0.14573811567284975	0.5171021515924189	0.42803707043704486			0.011988011988011988
gf_v2_104m_cls_pca50	per_subclass	L5 IT	84	0.6509448223733937	0.02751738026520401	0.026973026973026972	0.6583522297808012	0.17950469429234084	0.0760823150546531	0.1389879464152044	0.5641430289209806	0.3433915774295836			0.03807956749133219
gf_v2_104m_cls_pca50	per_subclass	L5/6 NP	82	0.7286494925839188	0.021861268841801396	0.002997002997002997	0.7439500390320063	0.16080150481518113	0.06808838312684037	0.12658856653295827	0.5009821589079776	0.3459933548797939			0.013700585129156558
gf_v2_104m_cls_pca50	per_subclass	L6 CT	81	0.6401587301587301	0.0329784586540636	0.024975024975024976	0.6428571428571429	0.1963206538006949	0.04840573741494343	0.11029171483175333	0.6296162735739128	0.3199603854660065			0.037462537462537464
gf_v2_104m_cls_pca50	per_subclass	L6 IT	82	0.6391881342701013	0.03390315658653034	0.04195804195804196	0.652615144418423	0.18548602371773606	0.08059857461676637	0.11652931587463895	0.5708849609181678	0.3328350854656583			0.05594405594405595
gf_v2_104m_cls_pca50	per_subclass	L6 IT Car3	83	0.6016897081413211	0.03184061690345562	0.07392607392607392	0.6113671274961597	0.18799590096598065	0.10889221505058339	0.13503738111339866	0.6364731374855811	0.3388618118765907			0.08064662610117156
gf_v2_104m_cls_pca50	per_subclass	L6b	82	0.6540202966432475	0.021988014787504975	0.01998001998001998	0.6541764246682279	0.18382744892256295	0.07434865094641897	0.09249745192915493	0.5756718290495031	0.3433687312388621			0.03196803196803197
gf_v2_104m_cls_pca50	per_subclass	Lamp5	83	0.6639016897081413	0.02060663144422001	0.015984015984015984	0.6635944700460831	0.18652791923971576	0.10255796159505973	0.14922150556980757	0.5580558197666926	0.30654612333127074			0.03196803196803197
gf_v2_104m_cls_pca50	per_subclass	Lamp5 Lhx6	82	0.6635441061670571	0.020759744123147118	0.017982017982017984	0.672911787665886	0.1831940526319316	0.06617607914176099	0.11381542378487453	0.5491115957580339	0.277389911050975			0.03196803196803197
gf_v2_104m_cls_pca50	per_subclass	OPC	84	0.6832955404383976	0.02931715466569524	0.002997002997002997	0.6893424036281179	0.18611521429709554	0.09156311043988945	0.13363294706373152	0.5768373150276017	0.3202711039683721			0.013700585129156558
gf_v2_104m_cls_pca50	per_subclass	Oligodendrocyte	84	0.708390022675737	0.013667449194008408	0.003996003996003996	0.7127739984882842	0.17696071385319628	0.06450194444955756	0.11463144227385147	0.5329200819417972	0.31813640116300457			0.013700585129156558
gf_v2_104m_cls_pca50	per_subclass	Pax6	82	0.6950819672131148	0.01601815710061592	0.003996003996003996	0.7002341920374707	0.17918856659811774	0.03889229611791292	0.10282063745085336	0.5348220319983429	0.3820819299426055			0.013700585129156558
gf_v2_104m_cls_pca50	per_subclass	Pvalb	83	0.6046082949308755	0.03147839881647567	0.04995004995004995	0.5998463901689708	0.20152522772102907	0.12717568862367384	0.18432369047551775	0.59264826925369	0.16214459003818552			0.0630947999369052
gf_v2_104m_cls_pca50	per_subclass	Sncg	83	0.6053763440860215	0.03288255154595303	0.07292707292707293	0.6129032258064516	0.20034808226096887	0.11610283374453817	0.1161028337445382	0.5908701682397068	0.3126491913501661			0.08064662610117156
gf_v2_104m_cls_pca50	per_subclass	Sst	83	0.7047619047619047	0.014447492541969247	0.006993006993006993	0.708141321044547	0.17127919910653674	0.07868581143446797	0.14191503577029604	0.534920526710646	0.3580768516318142			0.018648018648018648
gf_v2_104m_cls_pca50	per_subclass	Sst Chodl	62	0.6699494949494949	0.011616161616161644	0.016983016983016984	0.6641414141414141	0.20118841508678292	0.057124364005929316	0.0942794253969335	0.5975108607679747	0.3249136354758181			0.03196803196803197
gf_v2_104m_cls_pca50	per_subclass	VLMC & Perivascular	84	0.690702947845805	0.012705609305790271	0.007992007992007992	0.6991685563114134	0.1870834216199906	0.09246947770103128	0.10975684041672532	0.5535962701337032	0.3842793465477771			0.01918081918081918
gf_v2_104m_cls_pca50	per_subclass	Vip	84	0.6526077097505669	0.01902961392113779	0.01898101898101898	0.6764928193499622	0.19567010236562726	0.12145849256550006	0.1451406623094396	0.5766235872800684	0.23688632823255418			0.03196803196803197
gf_v2_104m_cls_pca50	combined	9 subclasses	84	0.7511715797430083	0.029567089658139565	0.000999000999000999	0.7656840513983372	0.1567529708030528	0.029192132436560728	0.1083848280475034	0.4770780242827969	0.4130814136294283			
gf_v2_104m_cls_pca50	combined+cov	9 subclasses	84	0.7785336356764928	0.030516446316230357	0.000999000999000999	0.7906273620559335	0.1502568553730774	0.04634444397144225	0.08449690959224983	0.4575848455483711	0.45810722203187276	0.549330612244898	0.003992015968063872	
