embedding	subclass	target	n_cells	n_levels	balanced_accuracy	x_chance
gf_random_v2_104m_cls	Astrocyte	Donor ID	2520	84	0.027380952380952384	2.3000000000000003
gf_random_v2_104m_cls	Astrocyte	method	2520	2	0.49977973568281936	0.9995594713656387
gf_random_v2_104m_cls	Chandelier	Donor ID	2392	81	0.02746210668915983	2.224430641821946
gf_random_v2_104m_cls	Chandelier	method	2397	2	0.5	1.0
gf_random_v2_104m_cls	Endothelial	Donor ID	1425	73	0.029738857633594473	2.1709366072523966
gf_random_v2_104m_cls	Endothelial	method	1455	2	0.5	1.0
gf_random_v2_104m_cls	Immune	Donor ID	2520	84	0.022222222222222223	1.8666666666666667
gf_random_v2_104m_cls	Immune	method	2520	2	0.4995573262505533	0.9991146525011066
gf_random_v2_104m_cls	L2/3 IT	Donor ID	2520	84	0.020634920634920634	1.7333333333333334
gf_random_v2_104m_cls	L2/3 IT	method	2520	2	0.5	1.0
gf_random_v2_104m_cls	L4 IT	Donor ID	2520	84	0.023412698412698413	1.9666666666666668
gf_random_v2_104m_cls	L4 IT	method	2520	2	0.5017482517482518	1.0034965034965035
gf_random_v2_104m_cls	L5 ET	Donor ID	1515	70	0.043803250436305764	3.0662275305414033
gf_random_v2_104m_cls	L5 ET	method	1528	2	0.5	1.0
gf_random_v2_104m_cls	L5 IT	Donor ID	2502	84	0.025396825396825397	2.1333333333333333
gf_random_v2_104m_cls	L5 IT	method	2502	2	0.5	1.0
gf_random_v2_104m_cls	L5/6 NP	Donor ID	2438	82	0.026917638741604806	2.207246376811594
gf_random_v2_104m_cls	L5/6 NP	method	2443	2	0.5022222222222222	1.0044444444444445
gf_random_v2_104m_cls	L6 CT	Donor ID	2381	81	0.03428162461978888	2.776811594202899
gf_random_v2_104m_cls	L6 CT	method	2384	2	0.5021509615805844	1.0043019231611687
gf_random_v2_104m_cls	L6 IT	Donor ID	2460	82	0.02601626016260162	2.133333333333333
gf_random_v2_104m_cls	L6 IT	method	2464	2	0.4997770842621489	0.9995541685242978
gf_random_v2_104m_cls	L6 IT Car3	Donor ID	2461	83	0.034939759036144574	2.8999999999999995
gf_random_v2_104m_cls	L6 IT Car3	method	2461	2	0.5	1.0
gf_random_v2_104m_cls	L6b	Donor ID	2387	82	0.03275566966195978	2.685964912280702
gf_random_v2_104m_cls	L6b	method	2390	2	0.5	1.0
gf_random_v2_104m_cls	Lamp5	Donor ID	2490	83	0.020883534136546186	1.7333333333333334
gf_random_v2_104m_cls	Lamp5	method	2491	2	0.5	1.0
gf_random_v2_104m_cls	Lamp5 Lhx6	Donor ID	2438	82	0.01869918699186992	1.5333333333333334
gf_random_v2_104m_cls	Lamp5 Lhx6	method	2439	2	0.5	1.0
gf_random_v2_104m_cls	OPC	Donor ID	2520	84	0.023015873015873017	1.9333333333333336
gf_random_v2_104m_cls	OPC	method	2520	2	0.5	1.0
gf_random_v2_104m_cls	Oligodendrocyte	Donor ID	2480	84	0.021428571428571432	1.8000000000000003
gf_random_v2_104m_cls	Oligodendrocyte	method	2480	2	0.50187265917603	1.00374531835206
gf_random_v2_104m_cls	Pax6	Donor ID	2416	82	0.026866223207686623	2.203030303030303
gf_random_v2_104m_cls	Pax6	method	2421	2	0.49977658623771226	0.9995531724754245
gf_random_v2_104m_cls	Pvalb	Donor ID	2486	83	0.020945319740500463	1.7384615384615385
gf_random_v2_104m_cls	Pvalb	method	2487	2	0.5	1.0
gf_random_v2_104m_cls	Sncg	Donor ID	2414	83	0.016064257028112452	1.3333333333333335
gf_random_v2_104m_cls	Sncg	method	2415	2	0.5016597179549008	1.0033194359098017
gf_random_v2_104m_cls	Sst	Donor ID	2482	83	0.029061701350857977	2.412121212121212
gf_random_v2_104m_cls	Sst	method	2484	2	0.5	1.0
gf_random_v2_104m_cls	Sst Chodl	Donor ID	850	62	0.03148652748184227	1.9521647038742207
gf_random_v2_104m_cls	Sst Chodl	method	888	2	0.5012076314187133	1.0024152628374265
gf_random_v2_104m_cls	VLMC & Perivascular	Donor ID	2232	84	0.0204560272384816	1.7183062880324544
gf_random_v2_104m_cls	VLMC & Perivascular	method	2232	2	0.5	1.0
gf_random_v2_104m_cls	Vip	Donor ID	2500	84	0.020634920634920634	1.7333333333333334
gf_random_v2_104m_cls	Vip	method	2500	2	0.499780701754386	0.999561403508772
gf_v2_104m_cls	Astrocyte	Donor ID	2520	84	0.26547619047619053	22.300000000000004
gf_v2_104m_cls	Astrocyte	method	2520	2	0.5826784140969163	1.1653568281938327
gf_v2_104m_cls	Chandelier	Donor ID	2392	81	0.15561626153413596	12.604917184265013
gf_v2_104m_cls	Chandelier	method	2397	2	0.5989962502742485	1.197992500548497
gf_v2_104m_cls	Endothelial	Donor ID	1425	73	0.1938971000356085	14.154488302599422
gf_v2_104m_cls	Endothelial	method	1455	2	0.5233675225684077	1.0467350451368154
gf_v2_104m_cls	Immune	Donor ID	2520	84	0.29126984126984123	24.466666666666665
gf_v2_104m_cls	Immune	method	2520	2	0.6598128558562684	1.3196257117125367
gf_v2_104m_cls	L2/3 IT	Donor ID	2520	84	0.18095238095238092	15.199999999999998
gf_v2_104m_cls	L2/3 IT	method	2520	2	0.6441468317081935	1.288293663416387
gf_v2_104m_cls	L4 IT	Donor ID	2520	84	0.18055555555555558	15.166666666666668
gf_v2_104m_cls	L4 IT	method	2520	2	0.6548807056864353	1.3097614113728706
gf_v2_104m_cls	L5 ET	Donor ID	1515	70	0.1691277711661532	11.838943981630726
gf_v2_104m_cls	L5 ET	method	1528	2	0.7304618329743958	1.4609236659487916
gf_v2_104m_cls	L5 IT	Donor ID	2502	84	0.164484126984127	13.816666666666668
gf_v2_104m_cls	L5 IT	method	2502	2	0.6518285819000498	1.3036571638000995
gf_v2_104m_cls	L5/6 NP	Donor ID	2438	82	0.20864262990455992	17.108695652173914
gf_v2_104m_cls	L5/6 NP	method	2443	2	0.6490822562869452	1.2981645125738903
gf_v2_104m_cls	L6 CT	Donor ID	2381	81	0.2145036877994473	17.374798711755233
gf_v2_104m_cls	L6 CT	method	2384	2	0.6974701011959521	1.3949402023919042
gf_v2_104m_cls	L6 IT	Donor ID	2460	82	0.24349593495934957	19.966666666666665
gf_v2_104m_cls	L6 IT	method	2464	2	0.6620375507108087	1.3240751014216174
gf_v2_104m_cls	L6 IT Car3	Donor ID	2461	83	0.22811244979919684	18.933333333333337
gf_v2_104m_cls	L6 IT Car3	method	2461	2	0.627522135545242	1.255044271090484
gf_v2_104m_cls	L6b	Donor ID	2387	82	0.18352683260257072	15.049200273410799
gf_v2_104m_cls	L6b	method	2390	2	0.6008479757448482	1.2016959514896963
gf_v2_104m_cls	Lamp5	Donor ID	2490	83	0.13493975903614458	11.2
gf_v2_104m_cls	Lamp5	method	2491	2	0.544492730005251	1.088985460010502
gf_v2_104m_cls	Lamp5 Lhx6	Donor ID	2438	82	0.14552845528455285	11.933333333333334
gf_v2_104m_cls	Lamp5 Lhx6	method	2439	2	0.5883034053376864	1.1766068106753729
gf_v2_104m_cls	OPC	Donor ID	2520	84	0.22103174603174602	18.566666666666666
gf_v2_104m_cls	OPC	method	2520	2	0.7240364354658009	1.4480728709316018
gf_v2_104m_cls	Oligodendrocyte	Donor ID	2480	84	0.22064631275157587	18.534290271132374
gf_v2_104m_cls	Oligodendrocyte	method	2480	2	0.6175256528074655	1.235051305614931
gf_v2_104m_cls	Pax6	Donor ID	2416	82	0.12354806083946006	10.130940988835725
gf_v2_104m_cls	Pax6	method	2421	2	0.5516891545437232	1.1033783090874465
gf_v2_104m_cls	Pvalb	Donor ID	2486	83	0.10426320667284522	8.653846153846153
gf_v2_104m_cls	Pvalb	method	2487	2	0.5125628140703518	1.0251256281407035
gf_v2_104m_cls	Sncg	Donor ID	2414	83	0.09845094664371772	8.17142857142857
gf_v2_104m_cls	Sncg	method	2415	2	0.5817092664182761	1.1634185328365523
gf_v2_104m_cls	Sst	Donor ID	2482	83	0.08557867834976267	7.103030303030302
gf_v2_104m_cls	Sst	method	2484	2	0.5055350553505535	1.011070110701107
gf_v2_104m_cls	Sst Chodl	Donor ID	850	62	0.1177771332292737	7.30218226021497
gf_v2_104m_cls	Sst Chodl	method	888	2	0.573076923076923	1.146153846153846
gf_v2_104m_cls	VLMC & Perivascular	Donor ID	2232	84	0.16414561196317817	13.788231404906966
gf_v2_104m_cls	VLMC & Perivascular	method	2232	2	0.6156931996815221	1.2313863993630443
gf_v2_104m_cls	Vip	Donor ID	2500	84	0.051984126984126966	4.366666666666665
gf_v2_104m_cls	Vip	method	2500	2	0.5204545454545455	1.040909090909091
pca	Astrocyte	Donor ID	2520	84	0.23968253968253966	20.133333333333333
pca	Astrocyte	method	2520	2	0.5015594713656387	1.0031189427312774
pca	Chandelier	Donor ID	2392	81	0.15482197173018428	12.540579710144927
pca	Chandelier	method	2397	2	0.5025367991702735	1.005073598340547
pca	Endothelial	Donor ID	1425	73	0.10929963883871839	7.978873635226442
pca	Endothelial	method	1455	2	0.5	1.0
pca	Immune	Donor ID	2520	84	0.14365079365079364	12.066666666666666
pca	Immune	method	2520	2	0.5012516981880906	1.0025033963761811
pca	L2/3 IT	Donor ID	2520	84	0.1781746031746032	14.966666666666669
pca	L2/3 IT	method	2520	2	0.5036701049362868	1.0073402098725737
pca	L4 IT	Donor ID	2520	84	0.20238095238095238	17.0
pca	L4 IT	method	2520	2	0.4986571172784244	0.9973142345568488
pca	L5 ET	Donor ID	1515	70	0.24238853212764053	16.967197248934838
pca	L5 ET	method	1528	2	0.5	1.0
pca	L5 IT	Donor ID	2502	84	0.19722222222222222	16.566666666666666
pca	L5 IT	method	2502	2	0.5012932275714024	1.0025864551428048
pca	L5/6 NP	Donor ID	2438	82	0.1870095440084836	15.334782608695656
pca	L5/6 NP	method	2443	2	0.49909828674481516	0.9981965734896303
pca	L6 CT	Donor ID	2381	81	0.2685851175920956	21.75539452495974
pca	L6 CT	method	2384	2	0.49954001839926404	0.9990800367985281
pca	L6 IT	Donor ID	2460	82	0.2646341463414634	21.700000000000003
pca	L6 IT	method	2464	2	0.49888542131074454	0.9977708426214891
pca	L6 IT Car3	Donor ID	2461	83	0.2105421686746988	17.475
pca	L6 IT Car3	method	2461	2	0.501346784722908	1.002693569445816
pca	L6b	Donor ID	2387	82	0.24840310310143426	20.36905445431761
pca	L6b	method	2390	2	0.4995431703974417	0.9990863407948835
pca	Lamp5	Donor ID	2490	83	0.13293172690763053	11.033333333333333
pca	Lamp5	method	2491	2	0.5	1.0
pca	Lamp5 Lhx6	Donor ID	2438	82	0.16991869918699187	13.933333333333334
pca	Lamp5 Lhx6	method	2439	2	0.4997753818508536	0.9995507637017071
pca	OPC	Donor ID	2520	84	0.15158730158730158	12.733333333333333
pca	OPC	method	2520	2	0.49934007919049717	0.9986801583809943
pca	Oligodendrocyte	Donor ID	2480	84	0.09460963013594592	7.947208931419457
pca	Oligodendrocyte	method	2480	2	0.5035193807108489	1.0070387614216978
pca	Pax6	Donor ID	2416	82	0.11193643754619367	9.178787878787881
pca	Pax6	method	2421	2	0.5	1.0
pca	Pvalb	Donor ID	2486	83	0.11967871485943775	9.933333333333334
pca	Pvalb	method	2487	2	0.5	1.0
pca	Sncg	Donor ID	2414	83	0.08720596672403902	7.238095238095239
pca	Sncg	method	2415	2	0.5033194359098015	1.006638871819603
pca	Sst	Donor ID	2482	83	0.08868200073019351	7.360606060606061
pca	Sst	method	2484	2	0.5	1.0
pca	Sst Chodl	Donor ID	850	62	0.1450320276528543	8.991985714476966
pca	Sst Chodl	method	888	2	0.49934036939313986	0.9986807387862797
pca	VLMC & Perivascular	Donor ID	2232	84	0.10147723537422428	8.52408777143484
pca	VLMC & Perivascular	method	2232	2	0.504566210045662	1.009132420091324
pca	Vip	Donor ID	2500	84	0.06865079365079364	5.766666666666666
pca	Vip	method	2500	2	0.5	1.0
pca_harmony	Astrocyte	Donor ID	2520	84	0.021825396825396828	1.8333333333333335
pca_harmony	Astrocyte	method	2520	2	0.5	1.0
pca_harmony	Chandelier	Donor ID	2392	81	0.01316872427983539	1.0666666666666667
pca_harmony	Chandelier	method	2397	2	0.5	1.0
pca_harmony	Endothelial	Donor ID	1425	73	0.016348787777490915	1.193461507756837
pca_harmony	Endothelial	method	1455	2	0.5	1.0
pca_harmony	Immune	Donor ID	2520	84	0.021825396825396828	1.8333333333333335
pca_harmony	Immune	method	2520	2	0.4995573262505533	0.9991146525011066
pca_harmony	L2/3 IT	Donor ID	2520	84	0.019047619047619053	1.6000000000000005
pca_harmony	L2/3 IT	method	2520	2	0.5	1.0
pca_harmony	L4 IT	Donor ID	2520	84	0.014285714285714285	1.2
pca_harmony	L4 IT	method	2520	2	0.5013006241743933	1.0026012483487865
pca_harmony	L5 ET	Donor ID	1515	70	0.018229481870786216	1.2760637309550351
pca_harmony	L5 ET	method	1528	2	0.4996410624551328	0.9992821249102656
pca_harmony	L5 IT	Donor ID	2502	84	0.01984126984126984	1.6666666666666665
pca_harmony	L5 IT	method	2502	2	0.5017382653996179	1.0034765307992357
pca_harmony	L5/6 NP	Donor ID	2438	82	0.015977377165076	1.310144927536232
pca_harmony	L5/6 NP	method	2443	2	0.5	1.0
pca_harmony	L6 CT	Donor ID	2381	81	0.031732967535436675	2.570370370370371
pca_harmony	L6 CT	method	2384	2	0.5	1.0
pca_harmony	L6 IT	Donor ID	2460	82	0.019512195121951223	1.6000000000000003
pca_harmony	L6 IT	method	2464	2	0.5	1.0
pca_harmony	L6 IT Car3	Donor ID	2461	83	0.022590361445783132	1.875
pca_harmony	L6 IT Car3	method	2461	2	0.49977416440831074	0.9995483288166215
pca_harmony	L6b	Donor ID	2387	82	0.01916987590928541	1.5719298245614037
pca_harmony	L6b	method	2390	2	0.5	1.0
pca_harmony	Lamp5	Donor ID	2490	83	0.008835341365461848	0.7333333333333334
pca_harmony	Lamp5	method	2491	2	0.4997772828507795	0.999554565701559
pca_harmony	Lamp5 Lhx6	Donor ID	2438	82	0.015447154471544718	1.2666666666666668
pca_harmony	Lamp5 Lhx6	method	2439	2	0.5	1.0
pca_harmony	OPC	Donor ID	2520	84	0.013095238095238096	1.1
pca_harmony	OPC	method	2520	2	0.4997800263968324	0.9995600527936648
pca_harmony	Oligodendrocyte	Donor ID	2480	84	0.013492063492063491	1.1333333333333333
pca_harmony	Oligodendrocyte	method	2480	2	0.5	1.0
pca_harmony	Pax6	Donor ID	2416	82	0.01056910569105691	0.8666666666666666
pca_harmony	Pax6	method	2421	2	0.49977658623771226	0.9995531724754245
pca_harmony	Pvalb	Donor ID	2486	83	0.016465863453815264	1.366666666666667
pca_harmony	Pvalb	method	2487	2	0.5	1.0
pca_harmony	Sncg	Donor ID	2414	83	0.005220883534136547	0.43333333333333335
pca_harmony	Sncg	method	2415	2	0.5042372881355932	1.0084745762711864
pca_harmony	Sst	Donor ID	2482	83	0.01887550200803213	1.5666666666666667
pca_harmony	Sst	method	2484	2	0.5	1.0
pca_harmony	Sst Chodl	Donor ID	850	62	0.01425156149264808	0.883596812544181
pca_harmony	Sst Chodl	method	888	2	0.5	1.0
pca_harmony	VLMC & Perivascular	Donor ID	2232	84	0.015575396825396826	1.3083333333333333
pca_harmony	VLMC & Perivascular	method	2232	2	0.5	1.0
pca_harmony	Vip	Donor ID	2500	84	0.004365079365079365	0.3666666666666667
pca_harmony	Vip	method	2500	2	0.5	1.0
randproj	Astrocyte	Donor ID	2520	84	0.07698412698412699	6.466666666666667
randproj	Astrocyte	method	2520	2	0.5	1.0
randproj	Chandelier	Donor ID	2392	81	0.037037037037037035	3.0
randproj	Chandelier	method	2397	2	0.5	1.0
randproj	Endothelial	Donor ID	1425	73	0.08119941858404786	5.927557556635493
randproj	Endothelial	method	1455	2	0.5	1.0
randproj	Immune	Donor ID	2520	84	0.07142857142857142	6.0
randproj	Immune	method	2520	2	0.5	1.0
randproj	L2/3 IT	Donor ID	2520	84	0.05158730158730157	4.333333333333332
randproj	L2/3 IT	method	2520	2	0.5	1.0
randproj	L4 IT	Donor ID	2520	84	0.05873015873015872	4.933333333333333
randproj	L4 IT	method	2520	2	0.5	1.0
randproj	L5 ET	Donor ID	1515	70	0.09791732133373182	6.854212493361228
randproj	L5 ET	method	1528	2	0.5	1.0
randproj	L5 IT	Donor ID	2502	84	0.048015873015873005	4.033333333333332
randproj	L5 IT	method	2502	2	0.5	1.0
randproj	L5/6 NP	Donor ID	2438	82	0.05691056910569105	4.666666666666666
randproj	L5/6 NP	method	2443	2	0.49977457168620376	0.9995491433724075
randproj	L6 CT	Donor ID	2381	81	0.055109242360986854	4.4638486312399355
randproj	L6 CT	method	2384	2	0.5	1.0
randproj	L6 IT	Donor ID	2460	82	0.07682926829268293	6.3
randproj	L6 IT	method	2464	2	0.5	1.0
randproj	L6 IT Car3	Donor ID	2461	83	0.07931726907630522	6.583333333333333
randproj	L6 IT Car3	method	2461	2	0.5	1.0
randproj	L6b	Donor ID	2387	82	0.07440491472583897	6.101203007518796
randproj	L6b	method	2390	2	0.5	1.0
randproj	Lamp5	Donor ID	2490	83	0.03453815261044176	2.8666666666666663
randproj	Lamp5	method	2491	2	0.5	1.0
randproj	Lamp5 Lhx6	Donor ID	2438	82	0.038211382113821135	3.133333333333333
randproj	Lamp5 Lhx6	method	2439	2	0.5	1.0
randproj	OPC	Donor ID	2520	84	0.0373015873015873	3.1333333333333333
randproj	OPC	method	2520	2	0.5	1.0
randproj	Oligodendrocyte	Donor ID	2480	84	0.04682539682539682	3.9333333333333327
randproj	Oligodendrocyte	method	2480	2	0.5	1.0
randproj	Pax6	Donor ID	2416	82	0.03495934959349593	2.866666666666666
randproj	Pax6	method	2421	2	0.5	1.0
randproj	Pvalb	Donor ID	2486	83	0.034939759036144574	2.8999999999999995
randproj	Pvalb	method	2487	2	0.5	1.0
randproj	Sncg	Donor ID	2414	83	0.026506024096385545	2.2
randproj	Sncg	method	2415	2	0.5	1.0
randproj	Sst	Donor ID	2482	83	0.035742971887550205	2.9666666666666672
randproj	Sst	method	2484	2	0.5	1.0
randproj	Sst Chodl	Donor ID	850	62	0.04550859366398079	2.821532807166809
randproj	Sst Chodl	method	888	2	0.5	1.0
randproj	VLMC & Perivascular	Donor ID	2232	84	0.05789521323237078	4.863197911519146
randproj	VLMC & Perivascular	method	2232	2	0.5	1.0
randproj	Vip	Donor ID	2500	84	0.026984126984126982	2.2666666666666666
randproj	Vip	method	2500	2	0.5	1.0
ref_scvi	Astrocyte	Donor ID	2520	84	0.24880952380952384	20.900000000000002
ref_scvi	Astrocyte	method	2520	2	0.5040176211453744	1.0080352422907488
ref_scvi	Chandelier	Donor ID	2392	81	0.06979014901720215	5.6530020703933745
ref_scvi	Chandelier	method	2397	2	0.5080616610487265	1.016123322097453
ref_scvi	Endothelial	Donor ID	1425	73	0.09962376344315782	7.272534731350521
ref_scvi	Endothelial	method	1455	2	0.5	1.0
ref_scvi	Immune	Donor ID	2520	84	0.1773809523809524	14.9
ref_scvi	Immune	method	2520	2	0.5053044526873349	1.0106089053746699
ref_scvi	L2/3 IT	Donor ID	2520	84	0.1	8.4
ref_scvi	L2/3 IT	method	2520	2	0.5038910505836576	1.0077821011673151
ref_scvi	L4 IT	Donor ID	2520	84	0.1226190476190476	10.299999999999999
ref_scvi	L4 IT	method	2520	2	0.5076221898066123	1.0152443796132247
ref_scvi	L5 ET	Donor ID	1515	70	0.10853320258743074	7.597324181120151
ref_scvi	L5 ET	method	1528	2	0.506689532317673	1.013379064635346
ref_scvi	L5 IT	Donor ID	2502	84	0.10853174603174602	9.116666666666665
ref_scvi	L5 IT	method	2502	2	0.5095814026545198	1.0191628053090396
ref_scvi	L5/6 NP	Donor ID	2438	82	0.09100388829975256	7.46231884057971
ref_scvi	L5/6 NP	method	2443	2	0.5017713655946298	1.0035427311892595
ref_scvi	L6 CT	Donor ID	2381	81	0.11972923003518816	9.698067632850242
ref_scvi	L6 CT	method	2384	2	0.49954001839926404	0.9990800367985281
ref_scvi	L6 IT	Donor ID	2460	82	0.13252032520325205	10.866666666666667
ref_scvi	L6 IT	method	2464	2	0.502262443438914	1.004524886877828
ref_scvi	L6 IT Car3	Donor ID	2461	83	0.11987951807228917	9.950000000000001
ref_scvi	L6 IT Car3	method	2461	2	0.5	1.0
ref_scvi	L6b	Donor ID	2387	82	0.11304508499630453	9.269696969696971
ref_scvi	L6b	method	2390	2	0.5020307325864964	1.0040614651729929
ref_scvi	Lamp5	Donor ID	2490	83	0.07389558232931727	6.133333333333334
ref_scvi	Lamp5	method	2491	2	0.5033968892027451	1.0067937784054901
ref_scvi	Lamp5 Lhx6	Donor ID	2438	82	0.07154471544715447	5.866666666666667
ref_scvi	Lamp5 Lhx6	method	2439	2	0.5023474178403756	1.0046948356807512
ref_scvi	OPC	Donor ID	2520	84	0.1007936507936508	8.466666666666667
ref_scvi	OPC	method	2520	2	0.5020242914979757	1.0040485829959513
ref_scvi	Oligodendrocyte	Donor ID	2480	84	0.10445811498443078	8.774481658692185
ref_scvi	Oligodendrocyte	method	2480	2	0.5011948462523969	1.0023896925047937
ref_scvi	Pax6	Donor ID	2416	82	0.0700003889991053	5.7400318979266345
ref_scvi	Pax6	method	2421	2	0.5047942395874536	1.0095884791749072
ref_scvi	Pvalb	Donor ID	2486	83	0.05542168674698795	4.6
ref_scvi	Pvalb	method	2487	2	0.49978146853146854	0.9995629370629371
ref_scvi	Sncg	Donor ID	2414	83	0.049799196787148586	4.133333333333333
ref_scvi	Sncg	method	2415	2	0.49954107388710417	0.9990821477742083
ref_scvi	Sst	Donor ID	2482	83	0.055020080321285136	4.566666666666666
ref_scvi	Sst	method	2484	2	0.5013931431677624	1.0027862863355248
ref_scvi	Sst Chodl	Donor ID	850	62	0.07686299985034456	4.765505990721363
ref_scvi	Sst Chodl	method	888	2	0.5025268926324336	1.005053785264867
ref_scvi	VLMC & Perivascular	Donor ID	2232	84	0.08117936409844469	6.819066584269354
ref_scvi	VLMC & Perivascular	method	2232	2	0.5137462657112332	1.0274925314224663
ref_scvi	Vip	Donor ID	2500	84	0.032539682539682535	2.733333333333333
ref_scvi	Vip	method	2500	2	0.5045454545454545	1.009090909090909
