target	embedding	balanced_accuracy	x_chance
Donor ID	gf_random_v2_104m_cls	0.025706542779713508	2.05
Donor ID	gf_v2_104m_cls	0.17484166336085438	13.985577484633044
Donor ID	pca	0.15320463665874293	12.63695652173913
Donor ID	pca_harmony	0.01616308247128346	1.2921985321441842
Donor ID	randproj	0.04980158730158729	4.183333333333332
Donor ID	ref_scvi	0.09981188172157891	7.5298215108499305
method	gf_random_v2_104m_cls	0.5	1.0
method	gf_v2_104m_cls	0.6082705877131851	1.2165411754263702
method	pca	0.5	1.0
method	pca_harmony	0.5	1.0
method	randproj	0.5	1.0
method	ref_scvi	0.5024371552364046	1.0048743104728093
