label	probe	embedding	baseline	n_donors	median_diff	donors_better	wilcoxon_p	q
Subclass	knn	gf_random_v2_104m_cls	pca_harmony	84	-0.5093553133449318	0	1.7106552178285207e-15	4.1727676878774465e-15
Subclass	knn	gf_v2_104m_cls	pca_harmony	84	1.9295483322245843e-07	42	0.4375341186215308	0.4375341186215308
Subclass	knn	pca	pca_harmony	84	0.00139229542452185	58	4.377226472836124e-06	5.149678203336616e-06
Subclass	knn	randproj	pca_harmony	84	-0.11430115998965162	0	1.7106552178285207e-15	4.1727676878774465e-15
Subclass	knn	ref_scvi	pca_harmony	84	0.002768498560535626	61	1.8764708506254735e-05	2.1445381150005413e-05
Subclass	knn	gf_random_v2_104m_cls	pca	84	-0.5128262670804756	0	1.7106552178285207e-15	4.1727676878774465e-15
Subclass	knn	gf_v2_104m_cls	pca	84	-0.0027781636874440463	21	2.6898947329528947e-07	3.5865263106038595e-07
Subclass	knn	pca_harmony	pca	84	-0.00139229542452185	22	4.377226472836124e-06	5.149678203336616e-06
Subclass	knn	randproj	pca	84	-0.11799039884574669	0	1.7106552178285207e-15	4.1727676878774465e-15
Subclass	knn	ref_scvi	pca	84	2.319321386906603e-05	44	0.26029213197294654	0.26696628920302207
Subclass	logreg	gf_random_v2_104m_cls	pca_harmony	84	-0.07979984784297428	0	1.7106552178285207e-15	4.1727676878774465e-15
Subclass	logreg	gf_v2_104m_cls	pca_harmony	84	0.0031599931892555833	65	4.893658087644536e-10	7.528704750222363e-10
Subclass	logreg	pca	pca_harmony	84	0.0014207850119301035	59	4.335102477564162e-06	5.149678203336616e-06
Subclass	logreg	randproj	pca_harmony	84	-0.08372497241189586	0	1.7106552178285207e-15	4.1727676878774465e-15
Subclass	logreg	ref_scvi	pca_harmony	84	0.002778163687444102	64	1.0596381816539551e-08	1.5698343431910447e-08
Subclass	logreg	gf_random_v2_104m_cls	pca	84	-0.08028604414957585	0	1.7106552178285207e-15	4.1727676878774465e-15
Subclass	logreg	gf_v2_104m_cls	pca	84	0.001390819725016701	51	0.002636502258570027	0.002850272711967597
Subclass	logreg	pca_harmony	pca	84	-0.0014207850119301035	24	4.335102477564162e-06	5.149678203336616e-06
Subclass	logreg	randproj	pca	84	-0.08567548213117654	0	1.7106552178285207e-15	4.1727676878774465e-15
Subclass	logreg	ref_scvi	pca	84	0.0013761634577198478	50	0.0491749709110362	0.05176312727477495
Supertype	knn	gf_random_v2_104m_cls	pca_harmony	84	-0.5697847739190216	0	1.7106552178285207e-15	4.1727676878774465e-15
Supertype	knn	gf_v2_104m_cls	pca_harmony	84	-0.014912817524977195	31	0.001640530660821005	0.0018228118453566722
Supertype	knn	pca	pca_harmony	84	0.022849858380284915	64	1.2009220529559136e-08	1.656444210973674e-08
Supertype	knn	randproj	pca_harmony	84	-0.25527101220169635	0	1.7106552178285207e-15	4.1727676878774465e-15
Supertype	knn	ref_scvi	pca_harmony	84	0.0707428573710771	78	5.968578264531091e-15	1.2565427925328613e-14
Supertype	knn	gf_random_v2_104m_cls	pca	84	-0.582881576161308	0	1.7106552178285207e-15	4.1727676878774465e-15
Supertype	knn	gf_v2_104m_cls	pca	84	-0.0461782005338916	10	7.236552196686299e-14	1.3783908946069141e-13
Supertype	knn	pca_harmony	pca	84	-0.022849858380284915	20	1.2009220529559136e-08	1.656444210973674e-08
Supertype	knn	randproj	pca	84	-0.28008536944561124	0	1.7106552178285207e-15	4.1727676878774465e-15
Supertype	knn	ref_scvi	pca	84	0.03932491899604296	81	7.376662593846535e-15	1.475332518769307e-14
Supertype	logreg	gf_random_v2_104m_cls	pca_harmony	84	-0.2786052622646174	0	1.7106552178285207e-15	4.1727676878774465e-15
Supertype	logreg	gf_v2_104m_cls	pca_harmony	84	0.08740377426395157	83	1.7734262673479147e-15	4.1727676878774465e-15
Supertype	logreg	pca	pca_harmony	84	0.037830207751679834	73	6.958849465671742e-13	1.1134159145074787e-12
Supertype	logreg	randproj	pca_harmony	84	-0.1618878554643508	0	1.7106552178285207e-15	4.1727676878774465e-15
Supertype	logreg	ref_scvi	pca_harmony	84	0.07767913140649169	81	2.632742984684999e-15	5.8505399659666644e-15
Supertype	logreg	gf_random_v2_104m_cls	pca	84	-0.3192816365752038	0	1.7106552178285207e-15	4.1727676878774465e-15
Supertype	logreg	gf_v2_104m_cls	pca	84	0.04815801304670164	77	8.573327116504503e-14	1.5587867484553642e-13
Supertype	logreg	pca_harmony	pca	84	-0.037830207751679834	11	6.958849465671742e-13	1.1134159145074787e-12
Supertype	logreg	randproj	pca	84	-0.20472744827799305	0	1.7106552178285207e-15	4.1727676878774465e-15
Supertype	logreg	ref_scvi	pca	84	0.03902638593357194	76	5.184277374984021e-13	9.016134565189603e-13
