Donor ID	fold
H19.33.004	3
H20.33.001	1
H20.33.002	1
H20.33.004	3
H20.33.005	0
H20.33.008	4
H20.33.011	1
H20.33.012	4
H20.33.013	4
H20.33.014	3
H20.33.015	0
H20.33.016	4
H20.33.017	3
H20.33.018	1
H20.33.019	0
H20.33.020	0
H20.33.024	2
H20.33.025	4
H20.33.026	0
H20.33.027	3
H20.33.028	4
H20.33.029	2
H20.33.030	0
H20.33.031	1
H20.33.032	3
H20.33.033	4
H20.33.034	1
H20.33.035	0
H20.33.036	3
H20.33.037	0
H20.33.038	4
H20.33.039	0
H20.33.040	3
H20.33.041	1
H20.33.043	0
H20.33.044	2
H20.33.045	3
H20.33.046	2
H21.33.001	0
H21.33.002	3
H21.33.003	4
H21.33.004	3
H21.33.005	4
H21.33.006	3
H21.33.007	4
H21.33.008	0
H21.33.009	2
H21.33.010	0
H21.33.011	1
H21.33.012	2
H21.33.013	3
H21.33.014	2
H21.33.015	4
H21.33.016	4
H21.33.017	1
H21.33.018	3
H21.33.019	0
H21.33.020	0
H21.33.021	4
H21.33.022	3
H21.33.023	0
H21.33.025	2
H21.33.026	3
H21.33.027	1
H21.33.028	2
H21.33.029	2
H21.33.030	1
H21.33.031	2
H21.33.032	3
H21.33.033	1
H21.33.034	1
H21.33.035	1
H21.33.036	2
H21.33.037	1
H21.33.038	0
H21.33.039	4
H21.33.040	2
H21.33.041	2
H21.33.042	2
H21.33.043	2
H21.33.044	1
H21.33.045	2
H21.33.046	4
H21.33.047	1
