label	embedding	probe	lo	hi	n	mean_conf	accuracy
Subclass	pca	logreg	0.26666666666666666	0.3333333333333333	2	0.32172466562027435	0.5
Subclass	pca	logreg	0.3333333333333333	0.4	4	0.3914838607543242	0.25
Subclass	pca	logreg	0.4	0.4666666666666667	16	0.4336823451331389	0.6875
Subclass	pca	logreg	0.4666666666666667	0.5333333333333333	79	0.5108325839049352	0.5189873417721519
Subclass	pca	logreg	0.5333333333333333	0.6	145	0.5695192267838626	0.5862068965517241
Subclass	pca	logreg	0.6	0.6666666666666666	173	0.632578767422653	0.6820809248554913
Subclass	pca	logreg	0.6666666666666666	0.7333333333333333	203	0.7021521361235862	0.7586206896551724
Subclass	pca	logreg	0.7333333333333333	0.8	242	0.7687136543346051	0.768595041322314
Subclass	pca	logreg	0.8	0.8666666666666667	358	0.837095251072698	0.8519553072625698
Subclass	pca	logreg	0.8666666666666667	0.9333333333333333	659	0.9053014535988698	0.9119878603945372
Subclass	pca	logreg	0.9333333333333333	1.0	53580	0.9981101982629238	0.9986375513251213
Subclass	pca	knn	0.26666666666666666	0.3333333333333333	2	0.26666666666666666	1.0
Subclass	pca	knn	0.3333333333333333	0.4	3	0.3333333333333333	0.6666666666666666
Subclass	pca	knn	0.4	0.4666666666666667	6	0.39999999999999997	0.3333333333333333
Subclass	pca	knn	0.4666666666666667	0.5333333333333333	14	0.46666666666666673	0.7142857142857143
Subclass	pca	knn	0.5333333333333333	0.6	213	0.5333333333333332	0.5492957746478874
Subclass	pca	knn	0.6	0.6666666666666666	206	0.5999999999999999	0.6359223300970874
Subclass	pca	knn	0.6666666666666666	0.7333333333333333	256	0.6666666666666665	0.74609375
Subclass	pca	knn	0.7333333333333333	0.8	312	0.7333333333333334	0.8269230769230769
Subclass	pca	knn	0.8	0.8666666666666667	377	0.7999999999999999	0.8753315649867374
Subclass	pca	knn	0.8666666666666667	0.9333333333333333	530	0.8666666666666669	0.9433962264150944
Subclass	pca	knn	0.9333333333333333	1.0	53542	0.9986129269234121	0.9992902767920511
Subclass	pca256	logreg	0.13333333333333333	0.2	2	0.18130704240655174	0.0
Subclass	pca256	logreg	0.2	0.26666666666666666	3	0.2174258362808518	0.0
Subclass	pca256	logreg	0.26666666666666666	0.3333333333333333	3	0.32319107645205475	0.3333333333333333
Subclass	pca256	logreg	0.3333333333333333	0.4	7	0.3688813009253513	0.5714285714285714
Subclass	pca256	logreg	0.4	0.4666666666666667	21	0.4312319514704406	0.5714285714285714
Subclass	pca256	logreg	0.4666666666666667	0.5333333333333333	78	0.5063171934514991	0.6282051282051282
Subclass	pca256	logreg	0.5333333333333333	0.6	143	0.5638983706748799	0.6223776223776224
Subclass	pca256	logreg	0.6	0.6666666666666666	149	0.6329223501849266	0.5973154362416108
Subclass	pca256	logreg	0.6666666666666666	0.7333333333333333	172	0.7005981515670135	0.813953488372093
Subclass	pca256	logreg	0.7333333333333333	0.8	228	0.7667611328817161	0.8508771929824561
Subclass	pca256	logreg	0.8	0.8666666666666667	346	0.8366701553316664	0.9104046242774566
Subclass	pca256	logreg	0.8666666666666667	0.9333333333333333	785	0.9049952928510362	0.9452229299363057
Subclass	pca256	logreg	0.9333333333333333	1.0	53524	0.9961348764448339	0.9991966220760781
Subclass	pca256	knn	0.13333333333333333	0.2	2	0.13333333333333333	1.0
Subclass	pca256	knn	0.2	0.26666666666666666	131	0.19999999999999996	0.17557251908396945
Subclass	pca256	knn	0.26666666666666666	0.3333333333333333	457	0.2666666666666666	0.3435448577680525
Subclass	pca256	knn	0.3333333333333333	0.4	727	0.33333333333333337	0.40852819807427787
Subclass	pca256	knn	0.4	0.4666666666666667	976	0.4000000000000001	0.5604508196721312
Subclass	pca256	knn	0.4666666666666667	0.5333333333333333	1011	0.46666666666666673	0.7131552917903067
Subclass	pca256	knn	0.5333333333333333	0.6	1121	0.5333333333333332	0.7939339875111507
Subclass	pca256	knn	0.6	0.6666666666666666	1200	0.5999999999999999	0.8683333333333333
Subclass	pca256	knn	0.6666666666666666	0.7333333333333333	1383	0.6666666666666666	0.9190166305133767
Subclass	pca256	knn	0.7333333333333333	0.8	1618	0.7333333333333332	0.957972805933251
Subclass	pca256	knn	0.8	0.8666666666666667	1998	0.8	0.9794794794794794
Subclass	pca256	knn	0.8666666666666667	0.9333333333333333	2864	0.8666666666666669	0.9881284916201117
Subclass	pca256	knn	0.9333333333333333	1.0	41973	0.9917423105329617	0.9992614299668835
Subclass	gf_v2_104m_cls	logreg	0.2	0.26666666666666666	1	0.24631660105290515	0.0
Subclass	gf_v2_104m_cls	logreg	0.26666666666666666	0.3333333333333333	3	0.29717628929023315	0.0
Subclass	gf_v2_104m_cls	logreg	0.3333333333333333	0.4	8	0.3664170983552468	0.5
Subclass	gf_v2_104m_cls	logreg	0.4	0.4666666666666667	11	0.43132378742534155	0.6363636363636364
Subclass	gf_v2_104m_cls	logreg	0.4666666666666667	0.5333333333333333	74	0.5121960923765645	0.6351351351351351
Subclass	gf_v2_104m_cls	logreg	0.5333333333333333	0.6	119	0.5650150405188945	0.6218487394957983
Subclass	gf_v2_104m_cls	logreg	0.6	0.6666666666666666	128	0.6305685748791243	0.6484375
Subclass	gf_v2_104m_cls	logreg	0.6666666666666666	0.7333333333333333	132	0.6978320971146059	0.6893939393939394
Subclass	gf_v2_104m_cls	logreg	0.7333333333333333	0.8	166	0.767985068992407	0.7771084337349398
Subclass	gf_v2_104m_cls	logreg	0.8	0.8666666666666667	293	0.8377041293082442	0.8361774744027304
Subclass	gf_v2_104m_cls	logreg	0.8666666666666667	0.9333333333333333	465	0.9045545020918303	0.8924731182795699
Subclass	gf_v2_104m_cls	logreg	0.9333333333333333	1.0	54061	0.9986437171251544	0.9988531473705629
Subclass	gf_v2_104m_cls	knn	0.13333333333333333	0.2	1	0.13333333333333333	1.0
Subclass	gf_v2_104m_cls	knn	0.2	0.26666666666666666	4	0.2	0.0
Subclass	gf_v2_104m_cls	knn	0.26666666666666666	0.3333333333333333	11	0.26666666666666666	0.36363636363636365
Subclass	gf_v2_104m_cls	knn	0.3333333333333333	0.4	20	0.33333333333333326	0.6
Subclass	gf_v2_104m_cls	knn	0.4	0.4666666666666667	41	0.39999999999999997	0.5609756097560976
Subclass	gf_v2_104m_cls	knn	0.4666666666666667	0.5333333333333333	71	0.4666666666666667	0.6619718309859155
Subclass	gf_v2_104m_cls	knn	0.5333333333333333	0.6	290	0.5333333333333333	0.6137931034482759
Subclass	gf_v2_104m_cls	knn	0.6	0.6666666666666666	347	0.5999999999999999	0.6311239193083573
Subclass	gf_v2_104m_cls	knn	0.6666666666666666	0.7333333333333333	358	0.6666666666666667	0.7849162011173184
Subclass	gf_v2_104m_cls	knn	0.7333333333333333	0.8	435	0.7333333333333332	0.8344827586206897
Subclass	gf_v2_104m_cls	knn	0.8	0.8666666666666667	535	0.8	0.914018691588785
Subclass	gf_v2_104m_cls	knn	0.8666666666666667	0.9333333333333333	906	0.8666666666666669	0.9492273730684326
Subclass	gf_v2_104m_cls	knn	0.9333333333333333	1.0	52442	0.9977054015229523	0.999218183898402
Subclass	gf_v2_104m_cls_pca50	logreg	0.06666666666666667	0.13333333333333333	1	0.12928257151249964	0.0
Subclass	gf_v2_104m_cls_pca50	logreg	0.13333333333333333	0.2	3	0.174519433225655	0.6666666666666666
Subclass	gf_v2_104m_cls_pca50	logreg	0.2	0.26666666666666666	2	0.23294001177487775	0.5
Subclass	gf_v2_104m_cls_pca50	logreg	0.26666666666666666	0.3333333333333333	6	0.31525270544773526	0.16666666666666666
Subclass	gf_v2_104m_cls_pca50	logreg	0.3333333333333333	0.4	20	0.3641117596151104	0.65
Subclass	gf_v2_104m_cls_pca50	logreg	0.4	0.4666666666666667	43	0.4375775030782668	0.4883720930232558
Subclass	gf_v2_104m_cls_pca50	logreg	0.4666666666666667	0.5333333333333333	159	0.5063659291921256	0.5849056603773585
Subclass	gf_v2_104m_cls_pca50	logreg	0.5333333333333333	0.6	215	0.5692692291098189	0.6325581395348837
Subclass	gf_v2_104m_cls_pca50	logreg	0.6	0.6666666666666666	207	0.6330337289004107	0.7101449275362319
Subclass	gf_v2_104m_cls_pca50	logreg	0.6666666666666666	0.7333333333333333	253	0.7010250487315715	0.7549407114624506
Subclass	gf_v2_104m_cls_pca50	logreg	0.7333333333333333	0.8	356	0.7687448606569517	0.8426966292134831
Subclass	gf_v2_104m_cls_pca50	logreg	0.8	0.8666666666666667	540	0.8367489334614531	0.8870370370370371
Subclass	gf_v2_104m_cls_pca50	logreg	0.8666666666666667	0.9333333333333333	970	0.904874315017911	0.9350515463917526
Subclass	gf_v2_104m_cls_pca50	logreg	0.9333333333333333	1.0	52686	0.9962657076984195	0.9988991382910071
Subclass	gf_v2_104m_cls_pca50	knn	0.13333333333333333	0.2	1	0.13333333333333333	0.0
Subclass	gf_v2_104m_cls_pca50	knn	0.2	0.26666666666666666	11	0.2	0.09090909090909091
Subclass	gf_v2_104m_cls_pca50	knn	0.26666666666666666	0.3333333333333333	12	0.26666666666666666	0.08333333333333333
Subclass	gf_v2_104m_cls_pca50	knn	0.3333333333333333	0.4	25	0.33333333333333337	0.52
Subclass	gf_v2_104m_cls_pca50	knn	0.4	0.4666666666666667	37	0.4000000000000001	0.5945945945945946
Subclass	gf_v2_104m_cls_pca50	knn	0.4666666666666667	0.5333333333333333	78	0.46666666666666684	0.6153846153846154
Subclass	gf_v2_104m_cls_pca50	knn	0.5333333333333333	0.6	296	0.5333333333333333	0.5608108108108109
Subclass	gf_v2_104m_cls_pca50	knn	0.6	0.6666666666666666	317	0.6	0.7192429022082019
Subclass	gf_v2_104m_cls_pca50	knn	0.6666666666666666	0.7333333333333333	390	0.6666666666666666	0.7846153846153846
Subclass	gf_v2_104m_cls_pca50	knn	0.7333333333333333	0.8	421	0.7333333333333333	0.8242280285035629
Subclass	gf_v2_104m_cls_pca50	knn	0.8	0.8666666666666667	588	0.7999999999999999	0.8996598639455783
Subclass	gf_v2_104m_cls_pca50	knn	0.8666666666666667	0.9333333333333333	878	0.866666666666667	0.9373576309794989
Subclass	gf_v2_104m_cls_pca50	knn	0.9333333333333333	1.0	52407	0.9976160945420777	0.999103173240216
Supertype	pca	logreg	0.2	0.26666666666666666	2	0.24241944956041842	0.5
Supertype	pca	logreg	0.26666666666666666	0.3333333333333333	56	0.30792093536448323	0.26785714285714285
Supertype	pca	logreg	0.3333333333333333	0.4	271	0.37103790221692673	0.4095940959409594
Supertype	pca	logreg	0.4	0.4666666666666667	617	0.4371008733588433	0.406807131280389
Supertype	pca	logreg	0.4666666666666667	0.5333333333333333	1722	0.505394528972679	0.5017421602787456
Supertype	pca	logreg	0.5333333333333333	0.6	2209	0.5670891074699645	0.5694884563150747
Supertype	pca	logreg	0.6	0.6666666666666666	2222	0.6337462557669187	0.6075607560756076
Supertype	pca	logreg	0.6666666666666666	0.7333333333333333	2482	0.7003163642053004	0.6877518130539887
Supertype	pca	logreg	0.7333333333333333	0.8	2798	0.7666968515915045	0.7376697641172266
Supertype	pca	logreg	0.8	0.8666666666666667	3401	0.8348869867775754	0.8103498970890914
Supertype	pca	logreg	0.8666666666666667	0.9333333333333333	4878	0.9024205498809197	0.8860188601886019
Supertype	pca	logreg	0.9333333333333333	1.0	32827	0.9886660311009808	0.986383160203491
Supertype	pca	knn	0.2	0.26666666666666666	9	0.2	0.2222222222222222
Supertype	pca	knn	0.26666666666666666	0.3333333333333333	68	0.2666666666666666	0.29411764705882354
Supertype	pca	knn	0.3333333333333333	0.4	333	0.3333333333333333	0.36936936936936937
Supertype	pca	knn	0.4	0.4666666666666667	878	0.4000000000000001	0.4123006833712984
Supertype	pca	knn	0.4666666666666667	0.5333333333333333	1568	0.4666666666666667	0.5006377551020408
Supertype	pca	knn	0.5333333333333333	0.6	3126	0.5333333333333333	0.5502239283429302
Supertype	pca	knn	0.6	0.6666666666666666	3165	0.5999999999999999	0.6293838862559241
Supertype	pca	knn	0.6666666666666666	0.7333333333333333	3157	0.6666666666666666	0.7047830218561926
Supertype	pca	knn	0.7333333333333333	0.8	3392	0.7333333333333332	0.7644457547169812
Supertype	pca	knn	0.8	0.8666666666666667	3867	0.8	0.8386346004654771
Supertype	pca	knn	0.8666666666666667	0.9333333333333333	4516	0.866666666666667	0.8872896368467671
Supertype	pca	knn	0.9333333333333333	1.0	29406	0.9865855040921354	0.9829286540161871
Supertype	pca256	logreg	0.06666666666666667	0.13333333333333333	3	0.12054001903422873	0.0
Supertype	pca256	logreg	0.13333333333333333	0.2	11	0.17605456079617274	0.18181818181818182
Supertype	pca256	logreg	0.2	0.26666666666666666	30	0.24286535334599008	0.3333333333333333
Supertype	pca256	logreg	0.26666666666666666	0.3333333333333333	83	0.3036641871339684	0.42168674698795183
Supertype	pca256	logreg	0.3333333333333333	0.4	212	0.369999027100732	0.4009433962264151
Supertype	pca256	logreg	0.4	0.4666666666666667	454	0.4374419832976094	0.4251101321585903
Supertype	pca256	logreg	0.4666666666666667	0.5333333333333333	1269	0.5059370490651791	0.5059101654846335
Supertype	pca256	logreg	0.5333333333333333	0.6	1629	0.567271063834991	0.5457335788827502
Supertype	pca256	logreg	0.6	0.6666666666666666	1705	0.6332560729804284	0.6070381231671554
Supertype	pca256	logreg	0.6666666666666666	0.7333333333333333	1835	0.7020934850238593	0.6572207084468665
Supertype	pca256	logreg	0.7333333333333333	0.8	2127	0.7676009969961894	0.7028678890456042
Supertype	pca256	logreg	0.8	0.8666666666666667	2790	0.8352134635522761	0.7691756272401433
Supertype	pca256	logreg	0.8666666666666667	0.9333333333333333	4293	0.9032945961284133	0.8425343582576287
Supertype	pca256	logreg	0.9333333333333333	1.0	37044	0.9899776055717945	0.9781881006370803
Supertype	pca256	knn	0.13333333333333333	0.2	41	0.13333333333333333	0.12195121951219512
Supertype	pca256	knn	0.2	0.26666666666666666	501	0.2	0.2055888223552894
Supertype	pca256	knn	0.26666666666666666	0.3333333333333333	1126	0.26666666666666666	0.29396092362344584
Supertype	pca256	knn	0.3333333333333333	0.4	1600	0.33333333333333326	0.431875
Supertype	pca256	knn	0.4	0.4666666666666667	2056	0.4	0.5165369649805448
Supertype	pca256	knn	0.4666666666666667	0.5333333333333333	2517	0.46666666666666673	0.5844259038537942
Supertype	pca256	knn	0.5333333333333333	0.6	3709	0.5333333333333333	0.6346724184416285
Supertype	pca256	knn	0.6	0.6666666666666666	3685	0.6	0.7147896879240163
Supertype	pca256	knn	0.6666666666666666	0.7333333333333333	3758	0.6666666666666666	0.7772751463544438
Supertype	pca256	knn	0.7333333333333333	0.8	3856	0.7333333333333332	0.8270228215767634
Supertype	pca256	knn	0.8	0.8666666666666667	4226	0.7999999999999999	0.8946994794131566
Supertype	pca256	knn	0.8666666666666667	0.9333333333333333	4639	0.8666666666666669	0.929079543004958
Supertype	pca256	knn	0.9333333333333333	1.0	21771	0.9812655979667142	0.9892517569243489
Supertype	gf_v2_104m_cls	logreg	0.2	0.26666666666666666	1	0.20905624697391526	0.0
Supertype	gf_v2_104m_cls	logreg	0.26666666666666666	0.3333333333333333	13	0.3028396252454828	0.3076923076923077
Supertype	gf_v2_104m_cls	logreg	0.3333333333333333	0.4	103	0.37703766940869543	0.3786407766990291
Supertype	gf_v2_104m_cls	logreg	0.4	0.4666666666666667	281	0.43735066542143436	0.46619217081850534
Supertype	gf_v2_104m_cls	logreg	0.4666666666666667	0.5333333333333333	1041	0.5080955389143358	0.5043227665706052
Supertype	gf_v2_104m_cls	logreg	0.5333333333333333	0.6	1499	0.5664506884259566	0.542361574382922
Supertype	gf_v2_104m_cls	logreg	0.6	0.6666666666666666	1588	0.6334173874229172	0.6102015113350125
Supertype	gf_v2_104m_cls	logreg	0.6666666666666666	0.7333333333333333	1783	0.7018191283180075	0.6713404374649468
Supertype	gf_v2_104m_cls	logreg	0.7333333333333333	0.8	2076	0.7675492673334903	0.7023121387283237
Supertype	gf_v2_104m_cls	logreg	0.8	0.8666666666666667	2576	0.8355021932276347	0.7725155279503105
Supertype	gf_v2_104m_cls	logreg	0.8666666666666667	0.9333333333333333	4263	0.9023603526281182	0.8470560638048322
Supertype	gf_v2_104m_cls	logreg	0.9333333333333333	1.0	38261	0.9906034261346635	0.9794307519406183
Supertype	gf_v2_104m_cls	knn	0.13333333333333333	0.2	8	0.13333333333333333	0.125
Supertype	gf_v2_104m_cls	knn	0.2	0.26666666666666666	45	0.19999999999999993	0.2
Supertype	gf_v2_104m_cls	knn	0.26666666666666666	0.3333333333333333	171	0.2666666666666666	0.29239766081871343
Supertype	gf_v2_104m_cls	knn	0.3333333333333333	0.4	629	0.33333333333333337	0.38950715421303655
Supertype	gf_v2_104m_cls	knn	0.4	0.4666666666666667	1388	0.39999999999999986	0.46397694524495675
Supertype	gf_v2_104m_cls	knn	0.4666666666666667	0.5333333333333333	2451	0.46666666666666673	0.5259077927376581
Supertype	gf_v2_104m_cls	knn	0.5333333333333333	0.6	4557	0.5333333333333332	0.5749396532806671
Supertype	gf_v2_104m_cls	knn	0.6	0.6666666666666666	4496	0.6	0.6692615658362989
Supertype	gf_v2_104m_cls	knn	0.6666666666666666	0.7333333333333333	4282	0.6666666666666665	0.7162540868752919
Supertype	gf_v2_104m_cls	knn	0.7333333333333333	0.8	4250	0.7333333333333332	0.8089411764705883
Supertype	gf_v2_104m_cls	knn	0.8	0.8666666666666667	4361	0.7999999999999998	0.8594359091951387
Supertype	gf_v2_104m_cls	knn	0.8666666666666667	0.9333333333333333	4951	0.8666666666666669	0.9208240759442536
Supertype	gf_v2_104m_cls	knn	0.9333333333333333	1.0	21896	0.9794604798441117	0.9840610157106321
Supertype	gf_v2_104m_cls_pca50	logreg	0.2	0.26666666666666666	6	0.2379268185630067	0.16666666666666666
Supertype	gf_v2_104m_cls_pca50	logreg	0.26666666666666666	0.3333333333333333	58	0.3115844883019722	0.3103448275862069
Supertype	gf_v2_104m_cls_pca50	logreg	0.3333333333333333	0.4	239	0.37135715945509795	0.3723849372384937
Supertype	gf_v2_104m_cls_pca50	logreg	0.4	0.4666666666666667	609	0.43757008087274685	0.41707717569786534
Supertype	gf_v2_104m_cls_pca50	logreg	0.4666666666666667	0.5333333333333333	1845	0.5061774377315389	0.5111111111111111
Supertype	gf_v2_104m_cls_pca50	logreg	0.5333333333333333	0.6	2343	0.5670996080651839	0.5599658557405036
Supertype	gf_v2_104m_cls_pca50	logreg	0.6	0.6666666666666666	2562	0.633415220738127	0.6268540202966433
Supertype	gf_v2_104m_cls_pca50	logreg	0.6666666666666666	0.7333333333333333	2590	0.7007313476553307	0.6818532818532819
Supertype	gf_v2_104m_cls_pca50	logreg	0.7333333333333333	0.8	3072	0.7672510236087605	0.7506510416666666
Supertype	gf_v2_104m_cls_pca50	logreg	0.8	0.8666666666666667	3890	0.8353411751297449	0.8164524421593831
Supertype	gf_v2_104m_cls_pca50	logreg	0.8666666666666667	0.9333333333333333	5793	0.9031445925232703	0.8865872604867944
Supertype	gf_v2_104m_cls_pca50	logreg	0.9333333333333333	1.0	30478	0.9859644008169073	0.9834634818557648
Supertype	gf_v2_104m_cls_pca50	knn	0.13333333333333333	0.2	13	0.13333333333333333	0.07692307692307693
Supertype	gf_v2_104m_cls_pca50	knn	0.2	0.26666666666666666	34	0.2	0.23529411764705882
Supertype	gf_v2_104m_cls_pca50	knn	0.26666666666666666	0.3333333333333333	140	0.2666666666666666	0.35
Supertype	gf_v2_104m_cls_pca50	knn	0.3333333333333333	0.4	594	0.3333333333333333	0.3686868686868687
Supertype	gf_v2_104m_cls_pca50	knn	0.4	0.4666666666666667	1479	0.3999999999999999	0.48005409060175797
Supertype	gf_v2_104m_cls_pca50	knn	0.4666666666666667	0.5333333333333333	2683	0.4666666666666666	0.5042862467387254
Supertype	gf_v2_104m_cls_pca50	knn	0.5333333333333333	0.6	4664	0.5333333333333334	0.5619639794168096
Supertype	gf_v2_104m_cls_pca50	knn	0.6	0.6666666666666666	4492	0.6	0.6495992876224399
Supertype	gf_v2_104m_cls_pca50	knn	0.6666666666666666	0.7333333333333333	4285	0.6666666666666665	0.7113185530921821
Supertype	gf_v2_104m_cls_pca50	knn	0.7333333333333333	0.8	4402	0.7333333333333332	0.7891867333030441
Supertype	gf_v2_104m_cls_pca50	knn	0.8	0.8666666666666667	4440	0.7999999999999999	0.8538288288288288
Supertype	gf_v2_104m_cls_pca50	knn	0.8666666666666667	0.9333333333333333	5029	0.8666666666666669	0.9140982302644661
Supertype	gf_v2_104m_cls_pca50	knn	0.9333333333333333	1.0	21230	0.9790516564609829	0.9792746113989638
